<TextureAtlas imagePath="spritesheet_default.png">
	<SubTexture name="arm_blueA.png" x="1117" y="176" width="82" height="176"/>
	<SubTexture name="arm_blueB.png" x="1402" y="274" width="51" height="161"/>
	<SubTexture name="arm_blueC.png" x="927" y="431" width="98" height="181"/>
	<SubTexture name="arm_blueD.png" x="956" y="612" width="92" height="197"/>
	<SubTexture name="arm_blueE.png" x="1216" y="853" width="71" height="149"/>
	<SubTexture name="arm_darkA.png" x="1117" y="352" width="82" height="176"/>
	<SubTexture name="arm_darkB.png" x="1399" y="498" width="51" height="161"/>
	<SubTexture name="arm_darkC.png" x="829" y="431" width="98" height="181"/>
	<SubTexture name="arm_darkD.png" x="1045" y="1006" width="92" height="197"/>
	<SubTexture name="arm_darkE.png" x="1281" y="1002" width="71" height="149"/>
	<SubTexture name="arm_greenA.png" x="1130" y="528" width="82" height="176"/>
	<SubTexture name="arm_greenB.png" x="1400" y="836" width="51" height="161"/>
	<SubTexture name="arm_greenC.png" x="950" y="0" width="98" height="181"/>
	<SubTexture name="arm_greenD.png" x="1025" y="181" width="92" height="197"/>
	<SubTexture name="arm_greenE.png" x="1281" y="1273" width="71" height="149"/>
	<SubTexture name="arm_redA.png" x="1048" y="751" width="82" height="176"/>
	<SubTexture name="arm_redB.png" x="1406" y="659" width="51" height="161"/>
	<SubTexture name="arm_redC.png" x="829" y="250" width="98" height="181"/>
	<SubTexture name="arm_redD.png" x="1025" y="378" width="92" height="197"/>
	<SubTexture name="arm_redE.png" x="1209" y="704" width="71" height="149"/>
	<SubTexture name="arm_whiteA.png" x="1048" y="0" width="82" height="176"/>
	<SubTexture name="arm_whiteB.png" x="1390" y="1298" width="51" height="161"/>
	<SubTexture name="arm_whiteC.png" x="947" y="1138" width="98" height="181"/>
	<SubTexture name="arm_whiteD.png" x="1045" y="1203" width="92" height="197"/>
	<SubTexture name="arm_whiteE.png" x="1271" y="244" width="71" height="149"/>
	<SubTexture name="arm_yellowA.png" x="1048" y="575" width="82" height="176"/>
	<SubTexture name="arm_yellowB.png" x="1400" y="113" width="51" height="161"/>
	<SubTexture name="arm_yellowC.png" x="927" y="250" width="98" height="181"/>
	<SubTexture name="arm_yellowD.png" x="956" y="809" width="92" height="197"/>
	<SubTexture name="arm_yellowE.png" x="1280" y="702" width="71" height="149"/>
	<SubTexture name="body_blueA.png" x="366" y="472" width="165" height="165"/>
	<SubTexture name="body_blueB.png" x="0" y="192" width="192" height="192"/>
	<SubTexture name="body_blueC.png" x="677" y="0" width="141" height="194"/>
	<SubTexture name="body_blueD.png" x="192" y="546" width="174" height="182"/>
	<SubTexture name="body_blueE.png" x="683" y="1190" width="132" height="250"/>
	<SubTexture name="body_blueF.png" x="366" y="0" width="170" height="236"/>
	<SubTexture name="body_darkA.png" x="531" y="472" width="165" height="165"/>
	<SubTexture name="body_darkB.png" x="0" y="0" width="192" height="192"/>
	<SubTexture name="body_darkC.png" x="677" y="194" width="141" height="194"/>
	<SubTexture name="body_darkD.png" x="192" y="182" width="174" height="182"/>
	<SubTexture name="body_darkE.png" x="697" y="388" width="132" height="250"/>
	<SubTexture name="body_darkF.png" x="348" y="1200" width="170" height="236"/>
	<SubTexture name="body_greenA.png" x="518" y="1129" width="165" height="165"/>
	<SubTexture name="body_greenB.png" x="0" y="768" width="192" height="192"/>
	<SubTexture name="body_greenC.png" x="536" y="194" width="141" height="194"/>
	<SubTexture name="body_greenD.png" x="192" y="0" width="174" height="182"/>
	<SubTexture name="body_greenE.png" x="824" y="888" width="132" height="250"/>
	<SubTexture name="body_greenF.png" x="366" y="236" width="170" height="236"/>
	<SubTexture name="body_redA.png" x="518" y="964" width="165" height="165"/>
	<SubTexture name="body_redB.png" x="0" y="960" width="192" height="192"/>
	<SubTexture name="body_redC.png" x="536" y="0" width="141" height="194"/>
	<SubTexture name="body_redD.png" x="0" y="1152" width="174" height="182"/>
	<SubTexture name="body_redE.png" x="818" y="0" width="132" height="250"/>
	<SubTexture name="body_redF.png" x="192" y="728" width="170" height="236"/>
	<SubTexture name="body_whiteA.png" x="518" y="1294" width="165" height="165"/>
	<SubTexture name="body_whiteB.png" x="0" y="384" width="192" height="192"/>
	<SubTexture name="body_whiteC.png" x="683" y="996" width="141" height="194"/>
	<SubTexture name="body_whiteD.png" x="192" y="364" width="174" height="182"/>
	<SubTexture name="body_whiteE.png" x="815" y="1190" width="132" height="250"/>
	<SubTexture name="body_whiteF.png" x="362" y="728" width="170" height="236"/>
	<SubTexture name="body_yellowA.png" x="532" y="637" width="165" height="165"/>
	<SubTexture name="body_yellowB.png" x="0" y="576" width="192" height="192"/>
	<SubTexture name="body_yellowC.png" x="683" y="802" width="141" height="194"/>
	<SubTexture name="body_yellowD.png" x="174" y="1152" width="174" height="182"/>
	<SubTexture name="body_yellowE.png" x="824" y="638" width="132" height="250"/>
	<SubTexture name="body_yellowF.png" x="348" y="964" width="170" height="236"/>
	<SubTexture name="detail_blue_antenna_large.png" x="1352" y="1298" width="38" height="58"/>
	<SubTexture name="detail_blue_antenna_small.png" x="1442" y="435" width="26" height="42"/>
	<SubTexture name="detail_blue_ear.png" x="1407" y="1055" width="38" height="44"/>
	<SubTexture name="detail_blue_ear_round.png" x="1282" y="1422" width="54" height="54"/>
	<SubTexture name="detail_blue_eye.png" x="1287" y="851" width="58" height="78"/>
	<SubTexture name="detail_blue_horn_large.png" x="1404" y="54" width="40" height="42"/>
	<SubTexture name="detail_blue_horn_small.png" x="664" y="415" width="31" height="27"/>
	<SubTexture name="detail_dark_antenna_large.png" x="1352" y="1356" width="38" height="58"/>
	<SubTexture name="detail_dark_antenna_small.png" x="1170" y="124" width="26" height="42"/>
	<SubTexture name="detail_dark_ear.png" x="1405" y="0" width="38" height="44"/>
	<SubTexture name="detail_dark_ear_round.png" x="294" y="1018" width="54" height="54"/>
	<SubTexture name="detail_dark_eye.png" x="1342" y="122" width="58" height="78"/>
	<SubTexture name="detail_dark_horn_large.png" x="1402" y="435" width="40" height="42"/>
	<SubTexture name="detail_dark_horn_small.png" x="485" y="695" width="31" height="27"/>
	<SubTexture name="detail_green_antenna_large.png" x="1407" y="997" width="38" height="58"/>
	<SubTexture name="detail_green_antenna_small.png" x="502" y="637" width="26" height="42"/>
	<SubTexture name="detail_green_ear.png" x="1407" y="1201" width="38" height="44"/>
	<SubTexture name="detail_green_ear_round.png" x="1336" y="1422" width="54" height="54"/>
	<SubTexture name="detail_green_eye.png" x="1283" y="531" width="58" height="78"/>
	<SubTexture name="detail_green_horn_large.png" x="1130" y="124" width="40" height="42"/>
	<SubTexture name="detail_green_horn_small.png" x="664" y="388" width="31" height="27"/>
	<SubTexture name="detail_red_antenna_large.png" x="1407" y="1143" width="38" height="58"/>
	<SubTexture name="detail_red_antenna_small.png" x="1443" y="0" width="26" height="42"/>
	<SubTexture name="detail_red_ear.png" x="1407" y="1099" width="38" height="44"/>
	<SubTexture name="detail_red_ear_round.png" x="1287" y="929" width="54" height="54"/>
	<SubTexture name="detail_red_eye.png" x="1283" y="609" width="58" height="78"/>
	<SubTexture name="detail_red_horn_large.png" x="306" y="1352" width="40" height="42"/>
	<SubTexture name="detail_red_horn_small.png" x="636" y="923" width="31" height="27"/>
	<SubTexture name="detail_white_antenna_large.png" x="1441" y="1245" width="38" height="58"/>
	<SubTexture name="detail_white_antenna_small.png" x="1444" y="42" width="26" height="42"/>
	<SubTexture name="detail_white_ear.png" x="1441" y="1405" width="38" height="44"/>
	<SubTexture name="detail_white_ear_round.png" x="294" y="964" width="54" height="54"/>
	<SubTexture name="detail_white_eye.png" x="1341" y="531" width="58" height="78"/>
	<SubTexture name="detail_white_horn_large.png" x="902" y="1138" width="40" height="42"/>
	<SubTexture name="detail_white_horn_small.png" x="664" y="442" width="31" height="27"/>
	<SubTexture name="detail_yellow_antenna_large.png" x="1441" y="1303" width="38" height="58"/>
	<SubTexture name="detail_yellow_antenna_small.png" x="1407" y="1245" width="26" height="42"/>
	<SubTexture name="detail_yellow_ear.png" x="1441" y="1361" width="38" height="44"/>
	<SubTexture name="detail_yellow_ear_round.png" x="1351" y="0" width="54" height="54"/>
	<SubTexture name="detail_yellow_eye.png" x="1341" y="609" width="58" height="78"/>
	<SubTexture name="detail_yellow_horn_large.png" x="306" y="1394" width="40" height="42"/>
	<SubTexture name="detail_yellow_horn_small.png" x="484" y="1436" width="31" height="27"/>
	<SubTexture name="eye_angry_blue.png" x="438" y="637" width="64" height="58"/>
	<SubTexture name="eye_angry_green.png" x="697" y="747" width="60" height="55"/>
	<SubTexture name="eye_angry_red.png" x="757" y="747" width="60" height="55"/>
	<SubTexture name="eye_blue.png" x="950" y="181" width="64" height="69"/>
	<SubTexture name="eye_closed_feminine.png" x="432" y="1436" width="50" height="18"/>
	<SubTexture name="eye_closed_happy.png" x="306" y="1334" width="42" height="18"/>
	<SubTexture name="eye_cute_dark.png" x="536" y="388" width="64" height="69"/>
	<SubTexture name="eye_cute_light.png" x="1026" y="1410" width="64" height="69"/>
	<SubTexture name="eye_dead.png" x="310" y="1115" width="32" height="32"/>
	<SubTexture name="eye_human.png" x="1090" y="1410" width="64" height="69"/>
	<SubTexture name="eye_human_blue.png" x="600" y="388" width="64" height="69"/>
	<SubTexture name="eye_human_green.png" x="1283" y="393" width="64" height="69"/>
	<SubTexture name="eye_human_red.png" x="1048" y="927" width="64" height="69"/>
	<SubTexture name="eye_psycho_dark.png" x="1283" y="462" width="64" height="69"/>
	<SubTexture name="eye_psycho_light.png" x="1154" y="1410" width="64" height="69"/>
	<SubTexture name="eye_red.png" x="1218" y="1422" width="64" height="58"/>
	<SubTexture name="eye_yellow.png" x="1216" y="1002" width="64" height="69"/>
	<SubTexture name="eyebrowA.png" x="634" y="802" width="49" height="32"/>
	<SubTexture name="eyebrowB.png" x="380" y="1436" width="52" height="33"/>
	<SubTexture name="eyebrowC.png" x="428" y="695" width="57" height="33"/>
	<SubTexture name="leg_blueA.png" x="1199" y="124" width="72" height="167"/>
	<SubTexture name="leg_blueB.png" x="1351" y="687" width="55" height="149"/>
	<SubTexture name="leg_blueC.png" x="1130" y="828" width="79" height="124"/>
	<SubTexture name="leg_blueD.png" x="1209" y="0" width="71" height="122"/>
	<SubTexture name="leg_blueE.png" x="204" y="1334" width="102" height="109"/>
	<SubTexture name="leg_darkA.png" x="1209" y="1243" width="72" height="167"/>
	<SubTexture name="leg_darkB.png" x="1347" y="349" width="55" height="149"/>
	<SubTexture name="leg_darkC.png" x="1137" y="952" width="79" height="124"/>
	<SubTexture name="leg_darkD.png" x="1212" y="458" width="71" height="122"/>
	<SubTexture name="leg_darkE.png" x="532" y="802" width="102" height="109"/>
	<SubTexture name="leg_greenA.png" x="1137" y="1243" width="72" height="167"/>
	<SubTexture name="leg_greenB.png" x="1342" y="200" width="55" height="149"/>
	<SubTexture name="leg_greenC.png" x="1130" y="0" width="79" height="124"/>
	<SubTexture name="leg_greenD.png" x="1281" y="1151" width="71" height="122"/>
	<SubTexture name="leg_greenE.png" x="697" y="638" width="102" height="109"/>
	<SubTexture name="leg_redA.png" x="1137" y="1076" width="72" height="167"/>
	<SubTexture name="leg_redB.png" x="1345" y="851" width="55" height="149"/>
	<SubTexture name="leg_redC.png" x="956" y="1006" width="79" height="124"/>
	<SubTexture name="leg_redD.png" x="1271" y="122" width="71" height="122"/>
	<SubTexture name="leg_redE.png" x="102" y="1334" width="102" height="109"/>
	<SubTexture name="leg_whiteA.png" x="1209" y="1076" width="72" height="167"/>
	<SubTexture name="leg_whiteB.png" x="1352" y="1000" width="55" height="149"/>
	<SubTexture name="leg_whiteC.png" x="1130" y="704" width="79" height="124"/>
	<SubTexture name="leg_whiteD.png" x="1280" y="0" width="71" height="122"/>
	<SubTexture name="leg_whiteE.png" x="192" y="964" width="102" height="109"/>
	<SubTexture name="leg_yellowA.png" x="1199" y="291" width="72" height="167"/>
	<SubTexture name="leg_yellowB.png" x="1352" y="1149" width="55" height="149"/>
	<SubTexture name="leg_yellowC.png" x="947" y="1319" width="79" height="124"/>
	<SubTexture name="leg_yellowD.png" x="1212" y="580" width="71" height="122"/>
	<SubTexture name="leg_yellowE.png" x="0" y="1334" width="102" height="109"/>
	<SubTexture name="mouthA.png" x="80" y="1443" width="70" height="34"/>
	<SubTexture name="mouthB.png" x="150" y="1443" width="70" height="34"/>
	<SubTexture name="mouthC.png" x="192" y="1073" width="78" height="38"/>
	<SubTexture name="mouthD.png" x="192" y="1115" width="66" height="27"/>
	<SubTexture name="mouthE.png" x="366" y="685" width="62" height="39"/>
	<SubTexture name="mouthF.png" x="306" y="1436" width="74" height="42"/>
	<SubTexture name="mouthG.png" x="586" y="911" width="50" height="44"/>
	<SubTexture name="mouthH.png" x="824" y="1138" width="78" height="52"/>
	<SubTexture name="mouthI.png" x="270" y="1073" width="74" height="42"/>
	<SubTexture name="mouthJ.png" x="366" y="637" width="72" height="48"/>
	<SubTexture name="mouth_closed_fangs.png" x="258" y="1115" width="52" height="20"/>
	<SubTexture name="mouth_closed_happy.png" x="0" y="1443" width="80" height="24"/>
	<SubTexture name="mouth_closed_sad.png" x="432" y="1459" width="52" height="20"/>
	<SubTexture name="mouth_closed_teeth.png" x="220" y="1443" width="66" height="26"/>
	<SubTexture name="nose_brown.png" x="532" y="911" width="54" height="48"/>
	<SubTexture name="nose_green.png" x="1351" y="54" width="53" height="59"/>
	<SubTexture name="nose_red.png" x="636" y="834" width="47" height="51"/>
	<SubTexture name="nose_yellow.png" x="636" y="885" width="46" height="38"/>
	<SubTexture name="snot_large.png" x="799" y="682" width="18" height="61"/>
	<SubTexture name="snot_small.png" x="799" y="638" width="21" height="44"/>
</TextureAtlas>